Workbook

Sheet Reconciliation
A2: Rivoli Shop segmentation reconciliation
A3: January to August are full months. September covers 1–10 September 2026. All four funnel measures reconcile to the original monthly exports.
A5: Month | B5: Period status | C5: Source items viewed | D5: Segmented items viewed | E5: Viewed variance | F5: Source items added to cart | G5: Segmented items added to cart | H5: Cart variance | I5: Source items purchased | J5: Segmented items purchased | K5: Purchase variance | L5: Source revenue (AED) | M5: Segmented revenue (AED) | N5: Revenue variance | O5: Status | Q5: Control | R5: Result
A6: Jan 2026 | B6: Full month | C6: 1136425 | D6: ='Jan 2026'!E120 -> 1136425 | E6: =D6-C6 -> 0 | F6: 51561 | G6: ='Jan 2026'!F120 -> 51561 | H6: =G6-F6 -> 0 | I6: 2145 | J6: ='Jan 2026'!G120 -> 2145 | K6: =J6-I6 -> 0 | L6: 3119537 | M6: ='Jan 2026'!H120 -> 3119537 | N6: =M6-L6 -> 0 | O6: =IF(AND(ABS(E6)<0.0001,ABS(H6)<0.0001,ABS(K6)<0.0001,ABS(N6)<0.01),"PASS","CHECK") -> PASS | Q6: Months checked | R6: 9
A7: Feb 2026 | B7: Full month | C7: 926205 | D7: ='Feb 2026'!E153 -> 926205 | E7: =D7-C7 -> 0 | F7: 66930 | G7: ='Feb 2026'!F153 -> 66930 | H7: =G7-F7 -> 0 | I7: 2020 | J7: ='Feb 2026'!G153 -> 2020 | K7: =J7-I7 -> 0 | L7: 1795755.4 | M7: ='Feb 2026'!H153 -> 1795755.4 | N7: =M7-L7 -> 0 | O7: =IF(AND(ABS(E7)<0.0001,ABS(H7)<0.0001,ABS(K7)<0.0001,ABS(N7)<0.01),"PASS","CHECK") -> PASS | Q7: Source items viewed | R7: 7887944
A8: Mar 2026 | B8: Full month | C8: 858310 | D8: ='Mar 2026'!E123 -> 858310 | E8: =D8-C8 -> 0 | F8: 45218 | G8: ='Mar 2026'!F123 -> 45218 | H8: =G8-F8 -> 0 | I8: 1595 | J8: ='Mar 2026'!G123 -> 1595 | K8: =J8-I8 -> 0 | L8: 2180318.8 | M8: ='Mar 2026'!H123 -> 2180318.8 | N8: =M8-L8 -> 0 | O8: =IF(AND(ABS(E8)<0.0001,ABS(H8)<0.0001,ABS(K8)<0.0001,ABS(N8)<0.01),"PASS","CHECK") -> PASS | Q8: Source items added to cart | R8: 414191
A9: Apr 2026 | B9: Full month | C9: 688102 | D9: ='Apr 2026'!E127 -> 688102 | E9: =D9-C9 -> 0 | F9: 40662 | G9: ='Apr 2026'!F127 -> 40662 | H9: =G9-F9 -> 0 | I9: 1252 | J9: ='Apr 2026'!G127 -> 1252 | K9: =J9-I9 -> 0 | L9: 2050207.9 | M9: ='Apr 2026'!H127 -> 2050207.9 | N9: =M9-L9 -> 0 | O9: =IF(AND(ABS(E9)<0.0001,ABS(H9)<0.0001,ABS(K9)<0.0001,ABS(N9)<0.01),"PASS","CHECK") -> PASS | Q9: Source items purchased | R9: 12068
A10: May 2026 | B10: Full month | C10: 783663 | D10: ='May 2026'!E128 -> 783663 | E10: =D10-C10 -> 0 | F10: 45827 | G10: ='May 2026'!F128 -> 45827 | H10: =G10-F10 -> 0 | I10: 1214 | J10: ='May 2026'!G128 -> 1214 | K10: =J10-I10 -> 0 | L10: 1992703.5 | M10: ='May 2026'!H128 -> 1992703.5 | N10: =M10-L10 -> 0 | O10: =IF(AND(ABS(E10)<0.0001,ABS(H10)<0.0001,ABS(K10)<0.0001,ABS(N10)<0.01),"PASS","CHECK") -> PASS | Q10: Source revenue (AED) | R10: 17821652
A11: Jun 2026 | B11: Full month | C11: 975320 | D11: ='Jun 2026'!E130 -> 975320 | E11: =D11-C11 -> 0 | F11: 49139 | G11: ='Jun 2026'!F130 -> 49139 | H11: =G11-F11 -> 0 | I11: 1125 | J11: ='Jun 2026'!G130 -> 1125 | K11: =J11-I11 -> 0 | L11: 2119102.6 | M11: ='Jun 2026'!H130 -> 2119102.6 | N11: =M11-L11 -> 0 | O11: =IF(AND(ABS(E11)<0.0001,ABS(H11)<0.0001,ABS(K11)<0.0001,ABS(N11)<0.01),"PASS","CHECK") -> PASS | Q11: Campaign rows | R11: 145
A12: Jul 2026 | B12: Full month | C12: 1103999 | D12: ='Jul 2026'!E131 -> 1103999 | E12: =D12-C12 -> 0 | F12: 53391 | G12: ='Jul 2026'!F131 -> 53391 | H12: =G12-F12 -> 0 | I12: 1142 | J12: ='Jul 2026'!G131 -> 1142 | K12: =J12-I12 -> 0 | L12: 1916377.6 | M12: ='Jul 2026'!H131 -> 1916377.6 | N12: =M12-L12 -> 0 | O12: =IF(AND(ABS(E12)<0.0001,ABS(H12)<0.0001,ABS(K12)<0.0001,ABS(N12)<0.01),"PASS","CHECK") -> PASS | Q12: Campaign rows without brand | R12: 0
A13: Aug 2026 | B13: Full month | C13: 1135838 | D13: ='Aug 2026'!E130 -> 1135838 | E13: =D13-C13 -> 0 | F13: 49356 | G13: ='Aug 2026'!F130 -> 49356 | H13: =G13-F13 -> 0 | I13: 1262 | J13: ='Aug 2026'!G130 -> 1262 | K13: =J13-I13 -> 0 | L13: 2036642.5 | M13: ='Aug 2026'!H130 -> 2036642.5 | N13: =M13-L13 -> 0 | O13: =IF(AND(ABS(E13)<0.0001,ABS(H13)<0.0001,ABS(K13)<0.0001,ABS(N13)<0.01),"PASS","CHECK") -> PASS | Q13: Named-brand mismatches | R13: 0
A14: Sep 2026 | B14: Partial month | C14: 280082 | D14: ='Sep 2026'!E123 -> 280082 | E14: =D14-C14 -> 0 | F14: 12107 | G14: ='Sep 2026'!F123 -> 12107 | H14: =G14-F14 -> 0 | I14: 313 | J14: ='Sep 2026'!G123 -> 313 | K14: =J14-I14 -> 0 | L14: 611007.19 | M14: ='Sep 2026'!H123 -> 611007.19 | N14: =M14-L14 -> 0 | O14: =IF(AND(ABS(E14)<0.0001,ABS(H14)<0.0001,ABS(K14)<0.0001,ABS(N14)<0.01),"PASS","CHECK") -> PASS | Q14: Campaign cost (AED) | R14: 989437.19
A18: Final segment | B18: Items viewed | C18: Items added to cart | D18: Items purchased | E18: Item revenue (AED) | F18: Share of revenue
A19: Swiss | B19: 5635480 | C19: 307427 | D19: 6237 | E19: 15627874 | F19: 0.87690377
A20: Fashion | B20: 1116072 | C20: 64259 | D20: 3685 | E20: 1304709 | F20: 0.073209206
A21: House of Evaco | B21: 284721 | C21: 12862 | D21: 553 | E21: 228523.31 | F21: 0.01282279
A22: Microbrands | B22: 142237 | C22: 7129 | D22: 271 | E22: 261809.27 | F22: 0.014690516
A23: Other Watches | B23: 286828 | C23: 14587 | D23: 779 | E23: 283400.1 | F23: 0.015902011
A24: Accessories | B24: 132761 | C24: 2635 | D24: 218 | E24: 177421.55 | F24: 0.0099553929
A25: Fashion Jewellery | B25: 113944 | C25: 3638 | D25: 113 | E25: 53144.853 | F25: 0.0029820385
A26: Pre-owned | B26: 33594 | C26: 522 | D26: 8 | E26: 4375 | F26: 0.0002454879
A27: Bundles | B27: 115 | C27: 4 | D27: 0 | E27: -98601.21 | F27: -0.0055326637
A28: Non-brand / Tactical | B28: 78997 | C28: 28 | D28: 204 | E28: -349.79509 | F28: -1.9627534e-05
A29: Historical / Excluded Returns | B29: 621 | C29: 4 | D29: 0 | E29: -20653.944 | F29: -0.0011589242
A30: Needs Review | B30: 62574 | C30: 1096 | D30: 0 | E30: 0 | F30: 0

Sheet Jan 2026
A2: Jan 2026 segmented funnel and revenue
A3: 2026-01-01 to 2026-01-31. Full month. Viewed, added-to-cart, purchased and revenue values reconcile to the original monthly export.
A5: Final segment | B5: Final canonical brand | C5: Known aliases | D5: Mapping status | E5: Items viewed | F5: Items added to cart | G5: Items purchased | H5: Item revenue (AED) | I5: Source canonical label(s)
A6: Swiss | B6: Tissot | C6: Tissot | tissot | تيسو | D6: Approved | E6: 337671 | F6: 16707 | G6: 696 | H6: 1080017.4 | I6: Tissot
A7: Swiss | B7: Longines | C7: Longines | longines | لونجين | D7: Approved | E7: 141719 | F7: 5004 | G7: 115 | H7: 556450 | I7: Longines
A8: Swiss | B8: Rado | C8: Rado | rado | رادو | D8: Approved | E8: 158042 | F8: 6271 | G8: 121 | H8: 371983.73 | I8: Rado
A9: Swiss | B9: Hamilton | C9: Hamilton | hamilton | هاملتون | D9: Approved | E9: 59188 | F9: 2553 | G9: 119 | H9: 311135.46 | I9: Hamilton
A10: Swiss | B10: Omega | C10: OMEGA | Omega | omega | أوميغا | D10: Approved | E10: 84678 | F10: 3151 | G10: 4 | H10: 114050 | I10: Omega
A11: Swiss | B11: Certina | C11: Certina | certina | سيرتينا | D11: Approved | E11: 19636 | F11: 945 | G11: 45 | H11: 71050 | I11: Certina
A12: Swiss | B12: Mido | C12: Mido | mido | ميدو | D12: Approved | E12: 17303 | F12: 841 | G12: 9 | H12: 37650 | I12: Mido
A13: Fashion | B13: Tommy Hilfiger | C13: Tommy Hilfiger | tommy_hilfiger | تومي هيلفجر | D13: Approved | E13: 23798 | F13: 1676 | G13: 120 | H13: 58663.668 | I13: Tommy Hilfiger
A14: Fashion | B14: Calvin Klein | C14: Calvin Klein | calvin_klein | كلفن كلاين | D14: Approved | E14: 38420 | F14: 2014 | G14: 128 | H14: 58411.158 | I14: Calvin Klein
A15: Fashion | B15: Lacoste | C15: Lacoste | lacoste | لاكوست | D15: Approved | E15: 27338 | F15: 2533 | G15: 198 | H15: 56896.911 | I15: Lacoste
A16: Fashion | B16: Balmain | C16: Balmain | balmain | بالمان | D16: Approved | E16: 9736 | F16: 478 | G16: 38 | H16: 43060 | I16: Balmain
A17: Fashion | B17: Coach | C17: Coach | coach | كوتش | D17: Approved | E17: 13166 | F17: 1037 | G17: 72 | H17: 39752.344 | I17: Coach
... A118: Needs Review | B118: Zenith | C118: Zenith | زينيث | D118: Review before activation | E118: 34 | F118: 0 | G118: 0 | H118: 0 | I118: Zenith
A120: TOTAL | E120: =SUM(E6:E118) -> 1136425 | F120: =SUM(F6:F118) -> 51561 | G120: =SUM(G6:G118) -> 2145 | H120: =SUM(H6:H118) -> 3119537

Sheet Feb 2026
A2: Feb 2026 segmented funnel and revenue
A3: 2026-02-01 to 2026-02-28. Full month. Viewed, added-to-cart, purchased and revenue values reconcile to the original monthly export.
A5: Final segment | B5: Final canonical brand | C5: Known aliases | D5: Mapping status | E5: Items viewed | F5: Items added to cart | G5: Items purchased | H5: Item revenue (AED) | I5: Source canonical label(s)
A6: Swiss | B6: Tissot | C6: Tissot | tissot | تيسو | D6: Approved | E6: 295423 | F6: 26591 | G6: 813 | H6: 910874.73 | I6: Tissot
A7: Swiss | B7: Longines | C7: Longines | longines | لونجين | D7: Approved | E7: 122736 | F7: 7495 | G7: 129 | H7: 510705.83 | I7: Longines
A8: Swiss | B8: Omega | C8: OMEGA | Omega | omega | أوميغا | D8: Approved | E8: 91355 | F8: 5436 | G8: 12 | H8: 325216.2 | I8: Omega
A9: Swiss | B9: Hamilton | C9: Hamilton | hamilton | هاملتون | D9: Approved | E9: 42351 | F9: 3325 | G9: 108 | H9: 287039.04 | I9: Hamilton
A10: Swiss | B10: Rado | C10: Rado | rado | رادو | D10: Approved | E10: 107873 | F10: 8933 | G10: 66 | H10: 178538.54 | I10: Rado
A11: Swiss | B11: Mido | C11: Mido | mido | ميدو | D11: Approved | E11: 11007 | F11: 681 | G11: 13 | H11: 30550 | I11: Mido
A12: Swiss | B12: Certina | C12: Certina | certina | سيرتينا | D12: Approved | E12: 13984 | F12: 875 | G12: 20 | H12: 27596.5 | I12: Certina
A13: Fashion | B13: Anne Klein | C13: Anne Klein | anne klein | anne_klein | آن كلاين | D13: Approved | E13: 10279 | F13: 582 | G13: 40 | H13: -156772.88 | I13: Anne Klein
A14: Fashion | B14: CAT | C14: CAT | Cat | cat | كات | D14: Approved | E14: 7069 | F14: 496 | G14: 29 | H14: -42957.4 | I14: CAT
A15: Fashion | B15: Kenneth Cole | C15: Kenneth Cole | kenneth cole | kenneth_cole | كينيث كول | D15: Approved | E15: 6352 | F15: 340 | G15: 25 | H15: -41125.194 | I15: Kenneth Cole
A16: Fashion | B16: Scuderia Ferrari | C16: Scuderia Ferrari | scuderia ferrari | سكوديريا فيراري | D16: Approved | E16: 95 | F16: 0 | G16: 0 | H16: -34687.074 | I16: Scuderia Ferrari
A17: Fashion | B17: Lacoste | C17: Lacoste | lacoste | لاكوست | D17: Approved | E17: 17499 | F17: 1345 | G17: 130 | H17: -29489.111 | I17: Lacoste
... A151: Needs Review | B151: Zoop | C151: Zoop | D151: Review before activation | E151: 2 | F151: 0 | G151: 0 | H151: 0 | I151: Zoop
A153: TOTAL | E153: =SUM(E6:E151) -> 926205 | F153: =SUM(F6:F151) -> 66930 | G153: =SUM(G6:G151) -> 2020 | H153: =SUM(H6:H151) -> 1795755.4

Sheet Mar 2026
A2: Mar 2026 segmented funnel and revenue
A3: 2026-03-01 to 2026-03-31. Full month. Viewed, added-to-cart, purchased and revenue values reconcile to the original monthly export.
A5: Final segment | B5: Final canonical brand | C5: Known aliases | D5: Mapping status | E5: Items viewed | F5: Items added to cart | G5: Items purchased | H5: Item revenue (AED) | I5: Source canonical label(s)
A6: Swiss | B6: Tissot | C6: Tissot | tissot | تيسو | D6: Approved | E6: 260177 | F6: 17449 | G6: 644 | H6: 938346.46 | I6: Tissot
A7: Swiss | B7: Longines | C7: Longines | longines | لونجين | D7: Approved | E7: 126675 | F7: 5321 | G7: 68 | H7: 350363.92 | I7: Longines
A8: Swiss | B8: Rado | C8: Rado | rado | رادو | D8: Approved | E8: 119096 | F8: 5880 | G8: 57 | H8: 263162.79 | I8: Rado
A9: Swiss | B9: Hamilton | C9: Hamilton | hamilton | هاملتون | D9: Approved | E9: 40875 | F9: 2187 | G9: 75 | H9: 188300 | I9: Hamilton
A10: Swiss | B10: Certina | C10: Certina | certina | سيرتينا | D10: Approved | E10: 18387 | F10: 803 | G10: 21 | H10: 34450 | I10: Certina
A11: Swiss | B11: Mido | C11: Mido | mido | ميدو | D11: Approved | E11: 13892 | F11: 608 | G11: 7 | H11: 23875 | I11: Mido
A12: Swiss | B12: Omega | C12: OMEGA | Omega | omega | أوميغا | D12: Approved | E12: 36259 | F12: 2186 | G12: 1 | H12: 930 | I12: Omega
A13: Fashion | B13: Calvin Klein | C13: Calvin Klein | calvin klein | calvin_klein | كلفن كلاين | D13: Approved | E13: 15828 | F13: 1430 | G13: 111 | H13: 59148.071 | I13: Calvin Klein
A14: Fashion | B14: Coach | C14: Coach | coach | كوتش | D14: Approved | E14: 9214 | F14: 748 | G14: 64 | H14: 36843.2 | I14: Coach
A15: Fashion | B15: Tommy Hilfiger | C15: Tommy Hilfiger | tommy hilfiger | tommy_hilfiger | تومي هيلفجر | D15: Approved | E15: 12629 | F15: 728 | G15: 61 | H15: 26970.399 | I15: Tommy Hilfiger
A16: Fashion | B16: Balmain | C16: Balmain | balmain | بالمان | D16: Approved | E16: 11641 | F16: 452 | G16: 21 | H16: 26440 | I16: Balmain
A17: Fashion | B17: Lacoste | C17: Lacoste | lacoste | لاكوست | D17: Approved | E17: 11139 | F17: 935 | G17: 98 | H17: 24166.907 | I17: Lacoste
... A121: Needs Review | B121: Zenith | C121: Zenith | zenith | زينيث | D121: Review before activation | E121: 19 | F121: 0 | G121: 0 | H121: 0 | I121: Zenith
A123: TOTAL | E123: =SUM(E6:E121) -> 858310 | F123: =SUM(F6:F121) -> 45218 | G123: =SUM(G6:G121) -> 1595 | H123: =SUM(H6:H121) -> 2180318.8

Sheet Apr 2026
A2: Apr 2026 segmented funnel and revenue
A3: 2026-04-01 to 2026-04-30. Full month. Viewed, added-to-cart, purchased and revenue values reconcile to the original monthly export.
A5: Final segment | B5: Final canonical brand | C5: Known aliases | D5: Mapping status | E5: Items viewed | F5: Items added to cart | G5: Items purchased | H5: Item revenue (AED) | I5: Source canonical label(s)
A6: Swiss | B6: Tissot | C6: Tissot | tissot | تيسو | D6: Approved | E6: 175927 | F6: 12979 | G6: 349 | H6: 553204.7 | I6: Tissot
A7: Swiss | B7: Longines | C7: Longines | longines | لونجين | D7: Approved | E7: 115342 | F7: 5673 | G7: 87 | H7: 506331.63 | I7: Longines
A8: Swiss | B8: Rado | C8: Rado | rado | رادو | D8: Approved | E8: 98140 | F8: 5148 | G8: 71 | H8: 276837.66 | I8: Rado
A9: Swiss | B9: Hamilton | C9: Hamilton | hamilton | هاملتون | D9: Approved | E9: 38721 | F9: 2142 | G9: 70 | H9: 179498.82 | I9: Hamilton
A10: Swiss | B10: Omega | C10: OMEGA | Omega | omega | أوميغا | D10: Approved | E10: 31704 | F10: 2703 | G10: 4 | H10: 131900 | I10: Omega
A11: Swiss | B11: Certina | C11: Certina | certina | سيرتينا | D11: Approved | E11: 13589 | F11: 617 | G11: 21 | H11: 37350 | I11: Certina
A12: Swiss | B12: Mido | C12: Mido | mido | ميدو | D12: Approved | E12: 8473 | F12: 491 | G12: 10 | H12: 31800 | I12: Mido
A13: Fashion | B13: Coach | C13: Coach | coach | كوتش | D13: Approved | E13: 13419 | F13: 933 | G13: 50 | H13: 27230.158 | I13: Coach
A14: Fashion | B14: Balmain | C14: Balmain | balmain | بالمان | D14: Approved | E14: 6973 | F14: 398 | G14: 22 | H14: 26700 | I14: Balmain
A15: Fashion | B15: Calvin Klein | C15: Calvin Klein | calvin klein | كلفن كلاين | D15: Approved | E15: 19192 | F15: 1309 | G15: 64 | H15: 24991.374 | I15: Calvin Klein
A16: Fashion | B16: Lacoste | C16: Lacoste | lacoste | لاكوست | D16: Approved | E16: 16090 | F16: 1129 | G16: 101 | H16: 24649.251 | I16: Lacoste
A17: Fashion | B17: Boss | C17: Boss | boss | بوص | D17: Approved | E17: 12479 | F17: 588 | G17: 30 | H17: 22305 | I17: Boss
... A125: Needs Review | B125: Zenith | C125: Zenith | zenith | زينيث | D125: Review before activation | E125: 43 | F125: 0 | G125: 0 | H125: 0 | I125: Zenith
A127: TOTAL | E127: =SUM(E6:E125) -> 688102 | F127: =SUM(F6:F125) -> 40662 | G127: =SUM(G6:G125) -> 1252 | H127: =SUM(H6:H125) -> 2050207.9

Sheet May 2026
A2: May 2026 segmented funnel and revenue
A3: 2026-05-01 to 2026-05-31. Full month. Viewed, added-to-cart, purchased and revenue values reconcile to the original monthly export.
A5: Final segment | B5: Final canonical brand | C5: Known aliases | D5: Mapping status | E5: Items viewed | F5: Items added to cart | G5: Items purchased | H5: Item revenue (AED) | I5: Source canonical label(s)
A6: Swiss | B6: Tissot | C6: Tissot | tissot | تيسو | D6: Approved | E6: 196587 | F6: 14143 | G6: 394 | H6: 677627.14 | I6: Tissot
A7: Swiss | B7: Longines | C7: Longines | longines | لونجين | D7: Approved | E7: 139724 | F7: 7126 | G7: 110 | H7: 545317.05 | I7: Longines
A8: Swiss | B8: Rado | C8: Rado | rado | رادو | D8: Approved | E8: 104224 | F8: 5751 | G8: 51 | H8: 217050 | I8: Rado
A9: Swiss | B9: Hamilton | C9: Hamilton | hamilton | هاملتون | D9: Approved | E9: 41386 | F9: 2574 | G9: 62 | H9: 181812.9 | I9: Hamilton
A10: Swiss | B10: Certina | C10: Certina | certina | سيرتينا | D10: Approved | E10: 12851 | F10: 539 | G10: 15 | H10: 28925 | I10: Certina
A11: Swiss | B11: Mido | C11: Mido | mido | ميدو | D11: Approved | E11: 7256 | F11: 435 | G11: 4 | H11: 6893.7941 | I11: Mido
A12: Swiss | B12: Omega | C12: OMEGA | Omega | omega | أوميغا | D12: Approved | E12: 44063 | F12: 3636 | G12: 1 | H12: 835 | I12: Omega
A13: Fashion | B13: Coach | C13: Coach | coach | كوتش | D13: Approved | E13: 17128 | F13: 1273 | G13: 68 | H13: 42088.905 | I13: Coach
A14: Fashion | B14: Lacoste | C14: Lacoste | lacoste | لاكوست | D14: Approved | E14: 24872 | F14: 1764 | G14: 100 | H14: 33301.091 | I14: Lacoste
A15: Fashion | B15: Calvin Klein | C15: Calvin Klein | calvin klein | كلفن كلاين | D15: Approved | E15: 22015 | F15: 1449 | G15: 70 | H15: 31990.418 | I15: Calvin Klein
A16: Fashion | B16: Boss | C16: Boss | boss | بوص | D16: Approved | E16: 13794 | F16: 692 | G16: 43 | H16: 31187.03 | I16: Boss
A17: Fashion | B17: Tommy Hilfiger | C17: Tommy Hilfiger | tommy hilfiger | تومي هيلفجر | تومي هيلفيجر | D17: Approved | E17: 13754 | F17: 655 | G17: 43 | H17: 22938.96 | I17: Tommy Hilfiger
... A126: Needs Review | B126: Zenith | C126: Zenith | zenith | زينيث | D126: Review before activation | E126: 24 | F126: 0 | G126: 0 | H126: 0 | I126: Zenith
A128: TOTAL | E128: =SUM(E6:E126) -> 783663 | F128: =SUM(F6:F126) -> 45827 | G128: =SUM(G6:G126) -> 1214 | H128: =SUM(H6:H126) -> 1992703.5

Sheet Jun 2026
A2: Jun 2026 segmented funnel and revenue
A3: 2026-06-01 to 2026-06-30. Full month. Viewed, added-to-cart, purchased and revenue values reconcile to the original monthly export.
A5: Final segment | B5: Final canonical brand | C5: Known aliases | D5: Mapping status | E5: Items viewed | F5: Items added to cart | G5: Items purchased | H5: Item revenue (AED) | I5: Source canonical label(s)
A6: Swiss | B6: Tissot | C6: Tissot | tissot | تيسو | D6: Approved | E6: 227023 | F6: 14876 | G6: 314 | H6: 599522.61 | I6: Tissot
A7: Swiss | B7: Longines | C7: Longines | longines | لونجين | D7: Approved | E7: 162809 | F7: 7180 | G7: 94 | H7: 543475.99 | I7: Longines
A8: Swiss | B8: Rado | C8: Rado | rado | رادو | D8: Approved | E8: 156344 | F8: 7191 | G8: 70 | H8: 320806.68 | I8: Rado
A9: Swiss | B9: Omega | C9: OMEGA | Omega | omega | أوميغا | D9: Approved | E9: 54354 | F9: 3907 | G9: 16 | H9: 190760.9 | I9: Omega
A10: Swiss | B10: Hamilton | C10: Hamilton | hamilton | هاملتون | D10: Approved | E10: 35847 | F10: 2003 | G10: 44 | H10: 121148.45 | I10: Hamilton
A11: Swiss | B11: Certina | C11: Certina | certina | سيرتينا | D11: Approved | E11: 16094 | F11: 653 | G11: 14 | H11: 25075 | I11: Certina
A12: Swiss | B12: Mido | C12: Mido | mido | ميدو | D12: Approved | E12: 9222 | F12: 471 | G12: 4 | H12: 13550 | I12: Mido
A13: Fashion | B13: Coach | C13: Coach | coach | كوتش | D13: Approved | E13: 15657 | F13: 1338 | G13: 50 | H13: 33831.066 | I13: Coach
A14: Fashion | B14: Lacoste | C14: Lacoste | lacoste | لاكوست | D14: Approved | E14: 20712 | F14: 1314 | G14: 68 | H14: 20517.456 | I14: Lacoste
A15: Fashion | B15: Boss | C15: Boss | boss | بوص | D15: Approved | E15: 14727 | F15: 711 | G15: 26 | H15: 20012.589 | I15: Boss
A16: Fashion | B16: Calvin Klein | C16: Calvin Klein | calvin klein | كلفن كلاين | D16: Approved | E16: 17982 | F16: 1054 | G16: 35 | H16: 15867.169 | I16: Calvin Klein
A17: Fashion | B17: Tommy Hilfiger | C17: Tommy Hilfiger | tommy hilfiger | تومي هيلفيجر | D17: Approved | E17: 37254 | F17: 956 | G17: 33 | H17: 14645.498 | I17: Tommy Hilfiger
... A128: Needs Review | B128: Zoop | C128: Zoop | zoop | D128: Review before activation | E128: 6 | F128: 0 | G128: 0 | H128: 0 | I128: Zoop
A130: TOTAL | E130: =SUM(E6:E128) -> 975320 | F130: =SUM(F6:F128) -> 49139 | G130: =SUM(G6:G128) -> 1125 | H130: =SUM(H6:H128) -> 2119102.6

Sheet Jul 2026
A2: Jul 2026 segmented funnel and revenue
A3: 2026-07-01 to 2026-07-31. Full month. Viewed, added-to-cart, purchased and revenue values reconcile to the original monthly export.
A5: Final segment | B5: Final canonical brand | C5: Known aliases | D5: Mapping status | E5: Items viewed | F5: Items added to cart | G5: Items purchased | H5: Item revenue (AED) | I5: Source canonical label(s)
A6: Swiss | B6: Tissot | C6: Tissot | tissot | تيسو | D6: Approved | E6: 276995 | F6: 16914 | G6: 339 | H6: 632769.67 | I6: Tissot
A7: Swiss | B7: Longines | C7: Longines | longines | لونجين | D7: Approved | E7: 179368 | F7: 7181 | G7: 75 | H7: 415470.93 | I7: Longines
A8: Swiss | B8: Rado | C8: Rado | rado | رادو | D8: Approved | E8: 183460 | F8: 7752 | G8: 51 | H8: 294789.85 | I8: Rado
A9: Swiss | B9: Hamilton | C9: Hamilton | hamilton | هاملتون | D9: Approved | E9: 44914 | F9: 2269 | G9: 50 | H9: 124357.21 | I9: Hamilton
A10: Swiss | B10: Omega | C10: OMEGA | Omega | omega | أوميغا | D10: Approved | E10: 92211 | F10: 4664 | G10: 22 | H10: 72252.8 | I10: Omega
A11: Swiss | B11: Certina | C11: Certina | certina | سيرتينا | D11: Approved | E11: 17029 | F11: 691 | G11: 27 | H11: 48515.004 | I11: Certina
A12: Swiss | B12: Mido | C12: Mido | mido | ميدو | D12: Approved | E12: 12347 | F12: 566 | G12: 6 | H12: 19430 | I12: Mido
A13: Fashion | B13: Coach | C13: Coach | coach | كوتش | D13: Approved | E13: 14278 | F13: 1200 | G13: 50 | H13: 32803.021 | I13: Coach
A14: Fashion | B14: Calvin Klein | C14: Calvin Klein | calvin klein | كلفن كلاين | D14: Approved | E14: 17664 | F14: 998 | G14: 45 | H14: 20291.771 | I14: Calvin Klein
A15: Fashion | B15: Gucci | C15: Gucci | gucci | غوتشي | D15: Approved | E15: 1459 | F15: 61 | G15: 2 | H15: 18900 | I15: Gucci
A16: Fashion | B16: Lacoste | C16: Lacoste | lacoste | لاكوست | D16: Approved | E16: 17396 | F16: 961 | G16: 44 | H16: 17589.536 | I16: Lacoste
A17: Fashion | B17: Boss | C17: Boss | boss | بوص | D17: Approved | E17: 11505 | F17: 612 | G17: 22 | H17: 17100.223 | I17: Boss
... A129: Needs Review | B129: Zenith | C129: Zenith | zenith | زينيث | D129: Review before activation | E129: 20 | F129: 0 | G129: 0 | H129: 0 | I129: Zenith
A131: TOTAL | E131: =SUM(E6:E129) -> 1103999 | F131: =SUM(F6:F129) -> 53391 | G131: =SUM(G6:G129) -> 1142 | H131: =SUM(H6:H129) -> 1916377.6

Sheet Aug 2026
A2: Aug 2026 segmented funnel and revenue
A3: 2026-08-01 to 2026-08-31. Full month. Viewed, added-to-cart, purchased and revenue values reconcile to the original monthly export.
A5: Final segment | B5: Final canonical brand | C5: Known aliases | D5: Mapping status | E5: Items viewed | F5: Items added to cart | G5: Items purchased | H5: Item revenue (AED) | I5: Source canonical label(s)
A6: Swiss | B6: Tissot | C6: Tissot | tissot | تيسو | D6: Approved | E6: 291787 | F6: 15244 | G6: 337 | H6: 659310.9 | I6: Tissot
A7: Swiss | B7: Longines | C7: Longines | longines | لونجين | D7: Approved | E7: 162825 | F7: 5986 | G7: 76 | H7: 460203.38 | I7: Longines
A8: Swiss | B8: Rado | C8: Rado | rado | رادو | D8: Approved | E8: 188051 | F8: 6621 | G8: 42 | H8: 226646.39 | I8: Rado
A9: Swiss | B9: Hamilton | C9: Hamilton | hamilton | هاملتون | D9: Approved | E9: 35540 | F9: 1963 | G9: 44 | H9: 159907.78 | I9: Hamilton
A10: Swiss | B10: Omega | C10: Omega | omega | أوميغا | D10: Approved | E10: 117497 | F10: 3968 | G10: 25 | H10: 88443.2 | I10: Omega
A11: Swiss | B11: Certina | C11: Certina | certina | سيرتينا | D11: Approved | E11: 15813 | F11: 765 | G11: 31 | H11: 66995.303 | I11: Certina
A12: Swiss | B12: Mido | C12: Mido | mido | ميدو | D12: Approved | E12: 11282 | F12: 641 | G12: 11 | H12: 33254.558 | I12: Mido
A13: Fashion | B13: Calvin Klein | C13: Calvin Klein | calvin klein | كلفن كلاين | D13: Approved | E13: 23356 | F13: 1681 | G13: 158 | H13: 57968.796 | I13: Calvin Klein
A14: Fashion | B14: Coach | C14: Coach | coach | كوتش | D14: Approved | E14: 15674 | F14: 1093 | G14: 34 | H14: 26236.769 | I14: Coach
A15: Fashion | B15: Lacoste | C15: Lacoste | lacoste | لاكوست | D15: Approved | E15: 16035 | F15: 738 | G15: 36 | H15: 16656.793 | I15: Lacoste
A16: Fashion | B16: Boss | C16: Boss | boss | بوص | D16: Approved | E16: 8329 | F16: 490 | G16: 17 | H16: 16076.196 | I16: Boss
A17: Fashion | B17: Anne Klein | C17: Anne Klein | anne klein | آن كلاين | D17: Approved | E17: 11874 | F17: 851 | G17: 50 | H17: 13493.347 | I17: Anne Klein
... A128: Needs Review | B128: Zenith | C128: Zenith | zenith | زينيث | D128: Review before activation | E128: 19 | F128: 0 | G128: 0 | H128: 0 | I128: Zenith
A130: TOTAL | E130: =SUM(E6:E128) -> 1135838 | F130: =SUM(F6:F128) -> 49356 | G130: =SUM(G6:G128) -> 1262 | H130: =SUM(H6:H128) -> 2036642.5

Sheet Sep 2026
A2: Sep 2026 segmented funnel and revenue
A3: 2026-09-01 to 2026-09-10. Partial month. Viewed, added-to-cart, purchased and revenue values reconcile to the original monthly export.
A5: Final segment | B5: Final canonical brand | C5: Known aliases | D5: Mapping status | E5: Items viewed | F5: Items added to cart | G5: Items purchased | H5: Item revenue (AED) | I5: Source canonical label(s)
A6: Swiss | B6: Tissot | C6: Tissot | tissot | تيسو | D6: Approved | E6: 70017 | F6: 4637 | G6: 92 | H6: 183834.55 | I6: Tissot
A7: Swiss | B7: Longines | C7: Longines | longines | لونجين | D7: Approved | E7: 44245 | F7: 1357 | G7: 26 | H7: 159680 | I7: Longines
A8: Swiss | B8: Rado | C8: Rado | rado | رادو | D8: Approved | E8: 49961 | F8: 1422 | G8: 7 | H8: 49350 | I8: Rado
A9: Swiss | B9: Hamilton | C9: Hamilton | hamilton | هاملتون | D9: Approved | E9: 7755 | F9: 328 | G9: 11 | H9: 44200 | I9: Hamilton
A10: Swiss | B10: Omega | C10: Omega | omega | أوميغا | D10: Approved | E10: 20077 | F10: 740 | G10: 3 | H10: 39900 | I10: Omega
A11: Swiss | B11: Certina | C11: Certina | certina | سيرتينا | D11: Approved | E11: 3963 | F11: 151 | G11: 10 | H11: 31922 | I11: Certina
A12: Swiss | B12: Mido | C12: Mido | mido | ميدو | D12: Approved | E12: 2336 | F12: 87 | G12: 4 | H12: 14631.8 | I12: Mido
A13: Fashion | B13: Coach | C13: Coach | coach | كوتش | D13: Approved | E13: 4614 | F13: 321 | G13: 12 | H13: 8184.6405 | I13: Coach
A14: Fashion | B14: Calvin Klein | C14: Calvin Klein | calvin klein | كلفن كلاين | D14: Approved | E14: 6330 | F14: 408 | G14: 17 | H14: 7317.1746 | I14: Calvin Klein
A15: Fashion | B15: Kenneth Cole | C15: Kenneth Cole | kenneth cole | كينيث كول | D15: Approved | E15: 2647 | F15: 103 | G15: 6 | H15: 5990 | I15: Kenneth Cole
A16: Fashion | B16: Anne Klein | C16: Anne Klein | anne klein | آن كلاين | D16: Approved | E16: 3333 | F16: 226 | G16: 23 | H16: 5799 | I16: Anne Klein
A17: Fashion | B17: Lacoste | C17: Lacoste | lacoste | لاكوست | D17: Approved | E17: 3857 | F17: 216 | G17: 10 | H17: 4768.2046 | I17: Lacoste
... A121: Needs Review | B121: Zenith | C121: Zenith | zenith | D121: Review before activation | E121: 15 | F121: 0 | G121: 0 | H121: 0 | I121: Zenith
A123: TOTAL | E123: =SUM(E6:E121) -> 280082 | F123: =SUM(F6:F121) -> 12107 | G123: =SUM(G6:G121) -> 313 | H123: =SUM(H6:H121) -> 611007.19

Sheet Master Brand Map
A2: Recalibrated master brand map
A3: This is the inclusive tech master. Website-verified Fashion Jewellery brands are included; provenance shows whether each row appeared in the originally supplied master.
A5: Source canonical label | B5: Final canonical brand | C5: Known aliases | D5: Languages seen | E5: Final segment | F5: Mapping basis | G5: Master status | H5: Confidence | I5: In original supplied master | J5: Items viewed | K5: Items added to cart | L5: Items purchased | M5: Item revenue (AED) | N5: Evidence
A6: Certina | B6: Certina | C6: Certina | certina | سيرتينا | D6: Arabic, English | E6: Swiss | F6: Supplied Rivoli master | G6: Approved | H6: High | I6: Yes | J6: 131346 | K6: 6039 | L6: 204 | M6: 371878.81 | N6: Rivolishop brand mix 2.xlsx
A7: Hamilton | B7: Hamilton | C7: Hamilton | hamilton | هاملتون | D7: Arabic, English | E7: Swiss | F7: Supplied Rivoli master | G7: Approved | H7: High | I7: Yes | J7: 346577 | K7: 19344 | L7: 583 | M7: 1597399.6 | N7: Rivolishop brand mix 2.xlsx
A8: Longines | B8: Longines | C8: Longines | longines | لونجين | D8: Arabic, English | E8: Swiss | F8: Supplied Rivoli master | G8: Approved | H8: High | I8: Yes | J8: 1195443 | K8: 52323 | L8: 780 | M8: 4047998.7 | N8: Rivolishop brand mix 2.xlsx
A9: Mido | B9: Mido | C9: Mido | mido | ميدو | D9: Arabic, English | E9: Swiss | F9: Supplied Rivoli master | G9: Approved | H9: High | I9: Yes | J9: 93118 | K9: 4821 | L9: 68 | M9: 211635.15 | N9: Rivolishop brand mix 2.xlsx
A10: Omega | B10: Omega | C10: OMEGA | Omega | omega | أوميغا | D10: Arabic, English | E10: Swiss | F10: Supplied Rivoli master | G10: Approved | H10: High | I10: Yes | J10: 572198 | K10: 30391 | L10: 88 | M10: 964288.1 | N10: Rivolishop brand mix 2.xlsx
A11: Rado | B11: Rado | C11: Rado | rado | رادو | D11: Arabic, English | E11: Swiss | F11: Supplied Rivoli master | G11: Approved | H11: High | I11: Yes | J11: 1165191 | K11: 54969 | L11: 536 | M11: 2199165.6 | N11: Rivolishop brand mix 2.xlsx
A12: Tissot | B12: Tissot | C12: Tissot | tissot | تيسو | D12: Arabic, English | E12: Swiss | F12: Supplied Rivoli master | G12: Approved | H12: High | I12: Yes | J12: 2131607 | K12: 139540 | L12: 3978 | M12: 6235508.2 | N12: Rivolishop brand mix 2.xlsx
A13: Aigner | B13: Aigner | C13: Aigner | aigner | آغنر | D13: Arabic, English | E13: Fashion | F13: Supplied Rivoli master | G13: Approved | H13: High | I13: Yes | J13: 26217 | K13: 1295 | L13: 27 | M13: 66150 | N13: Rivolishop brand mix 2.xlsx
A14: Anne Klein | B14: Anne Klein | C14: Anne Klein | anne klein | anne_klein | آن كلاين | D14: Arabic, English | E14: Fashion | F14: Supplied Rivoli master | G14: Approved | H14: High | I14: Yes | J14: 103588 | K14: 6535 | L14: 408 | M14: -55105.393 | N14: Rivolishop brand mix 2.xlsx
A15: Balmain | B15: Balmain | C15: Balmain | balmain | بالمان | D15: Arabic, English | E15: Fashion | F15: Supplied Rivoli master | G15: Approved | H15: High | I15: Yes | J15: 66433 | K15: 2949 | L15: 146 | M15: 166800.72 | N15: Rivolishop brand mix 2.xlsx
A16: Boss | B16: Boss | C16: Boss | boss | بوص | D16: Arabic, English | E16: Fashion | F16: Supplied Rivoli master | G16: Approved | H16: High | I16: Yes | J16: 92734 | K16: 4638 | L16: 210 | M16: 118694.24 | N16: Rivolishop brand mix 2.xlsx
A17: Calvin Klein | B17: Calvin Klein | C17: Calvin Klein | calvin klein | calvin_klein | كلفن كلاين | D17: Arabic, English | E17: Fashion | F17: Supplied Rivoli master | G17: Approved | H17: High | I17: Yes | J17: 182879 | K17: 11757 | L17: 745 | M17: 266356.19 | N17: Rivolishop brand mix 2.xlsx
... A170: Zoop | B170: Zoop | C170: Zoop | zoop | D170: English | E170: Needs Review | F170: No current website match and no financial movement | G170: Review before activation | H170: Low | I170: No | J170: 8 | K170: 0 | L170: 0 | M170: 0 | N170: Monthly order data + website cross-check

Sheet Campaign Brand Map
A2: Google Ads campaign-to-brand map
A3: All 145 campaign rows include canonical brand and known aliases for implementation. Generic Rivoli Shop and explicit multi-brand campaigns remain separately identified.
A5: Month | B5: Campaign | C5: Source assigned brand | D5: Canonical brand(s) for tech | E5: Known aliases | F5: Brand scope | G5: Final segment(s) | H5: Mapping confidence | I5: Validation | J5: Campaign type | K5: Cost (AED) | L5: Impressions | M5: Interactions | N5: Conversions
A6: Jan | B6: TTN_PMAX_AIGNER_29thJAN'26-28thFEB'26_SWISS_EXTRA_UAE | C6: Aigner | D6: Aigner | E6: Aigner | aigner | آغنر | F6: Single brand | G6: Fashion | H6: High | I6: Validated | J6: Performance Max | K6: 367.81 | L6: 29662 | M6: 1089 | N6: 2.5
A7: Jan | B7: TTN_PMAX_CK_FASHION_NEWNESS_JAN'26_8THJAN-31STJAN'26_FASHION_EXTRA_UAE | C7: Calvin Klein | D7: Calvin Klein | E7: Calvin Klein | calvin klein | calvin_klein | كلفن كلاين | F7: Single brand | G7: Fashion | H7: High | I7: Validated | J7: Performance Max | K7: 4767.57 | L7: 193359 | M7: 10401 | N7: 25.8
A8: Jan | B8: TTN_GOOGLESEARCH_HAMILTON_COD_13thNOV'25-30thNOV'25_EXTRA_UAE_REACTIVE(2ndJAN-31stJAN) | C8: Hamilton | D8: Hamilton | E8: Hamilton | hamilton | هاملتون | F8: Single brand | G8: Swiss | H8: High | I8: Validated | J8: Search | K8: 6513.47 | L8: 26935 | M8: 2402 | N8: 7.2
A9: Jan | B9: TTN_PMAX_HAMILTON_COD_14thNOV'25-30thNOV'25_SWISS_EXTRA_UAE_REACTIVE(2ndJAN-31stJAN) | C9: Hamilton | D9: Hamilton | E9: Hamilton | hamilton | هاملتون | F9: Single brand | G9: Swiss | H9: High | I9: Validated | J9: Performance Max | K9: 5551.42 | L9: 362052 | M9: 125208 | N9: 22.1
A10: Jan | B10: TTN_GOOGLESEARCH_HAMILTON_COD_2ndJAN-31stJAN'25_EXTRA_OMAR | C10: Hamilton | D10: Hamilton | E10: Hamilton | hamilton | هاملتون | F10: Single brand | G10: Swiss | H10: High | I10: Validated | J10: Search | K10: 1975.66 | L10: 10367 | M10: 950 | N10: 0
A11: Jan | B11: TTN_PMAX_LONGINES_MASTER_OF_THE_YEAR_JAN'26-FEB'26_15thJAN-20thFEB'26_EXTRA_SWISS_UAE_18thFEB'26 | C11: Longines | D11: Longines | E11: Longines | longines | لونجين | F11: Single brand | G11: Swiss | H11: High | I11: Validated | J11: Performance Max | K11: 6105.08 | L11: 938568 | M11: 11150 | N11: 46.5
A12: Jan | B12: TTN_AWARENESS_LONGINES_MASTER_OF_THE_YEAR_JAN'26-FEB'26_15thJAN-20thFEB'26_EXTRA_SWISS_UAE | C12: Longines | D12: Longines | E12: Longines | longines | لونجين | F12: Single brand | G12: Swiss | H12: High | I12: Validated | J12: Video | K12: 2951.59 | L12: 455808 | M12: 280518 | N12: 2
A13: Jan | B13: TTN_GOOGLESEARCH_LONGINES_MASTER_OF_THE_YEAR_JAN'26-FEB'26_15thJAN'26-20thFEB'26_EXTRA_SWISS_UAE_19thFEB'26 | C13: Longines | D13: Longines | E13: Longines | longines | لونجين | F13: Single brand | G13: Swiss | H13: High | I13: Validated | J13: Search | K13: 2397.86 | L13: 10107 | M13: 1404 | N13: 7.5
A14: Jan | B14: TTN_PMAX_TVEDITION_MIDO_JAN'26_5thJAN-31stJAN'26_SWISS_EXTRA_UAE | C14: Mido | D14: Mido | E14: Mido | mido | ميدو | F14: Single brand | G14: Swiss | H14: High | I14: Validated | J14: Performance Max | K14: 7966.55 | L14: 392576 | M14: 11173 | N14: 30.1
A15: Jan | B15: TTN_PMAX_OMEGA_PLANET_OCEAN_11thDEC'25-4thJAN'26_SWISS_EXTRA_UAE_ADD35k_11thJAN'26 | C15: Omega | D15: Omega | E15: OMEGA | Omega | omega | أوميغا | F15: Single brand | G15: Swiss | H15: High | I15: Validated | J15: Performance Max | K15: 16604.71 | L15: 289427 | M15: 111255 | N15: 44.2
A16: Jan | B16: TTN_PMAX_OMEGA_MILANO_JAN-FEB'26_22ndJAN'26-9thFEB'26_SWISS_EXTRA_UAE+EXT_AED148k_28thFEB'28 | C16: Omega | D16: Omega | E16: OMEGA | Omega | omega | أوميغا | F16: Single brand | G16: Swiss | H16: High | I16: Validated | J16: Performance Max | K16: 6633.29 | L16: 626996 | M16: 11948 | N16: 8.2
A17: Jan | B17: TTN_PMAX_RADO_CAPTAINCOOK_CENTRIX_JAN'26_14thJAN-29thJAN'26_SWISS_EXTRA_UAE_EXTENSION_AED10k_30thJAN-2ndFEB | C17: Rado | D17: Rado | E17: Rado | rado | رادو | F17: Single brand | G17: Swiss | H17: High | I17: Validated | J17: Performance Max | K17: 4759.29 | L17: 171824 | M17: 12892 | N17: 16.9
... A150: Sep | B150: TTN_PMAX_TISSOT_SEASTAR_JULY'26-SEP'26_13thJULY'26_V2_UAEDEC'25_8thDEC-31stDEC'25_SWISS_EXTRA_UAE | C150: Tissot | D150: Tissot | E150: Tissot | tissot | تيسو | F150: Single brand | G150: Swiss | H150: High | I150: Validated | J150: Performance Max | K150: 1424.21 | L150: 111835 | M150: 2358 | N150: 2.4
